 {
    "debris.break": {
    "category": "block",
    "sounds": [
        "block/ancient_debris/break1",
		"block/ancient_debris/break2",
		"block/ancient_debris/break3",
		"block/ancient_debris/break4",
		"block/ancient_debris/break5"
    ]
  },
  	"debris.step": {
    "category": "block",
    "sounds": [
        "block/ancient_debris/step1",
		"block/ancient_debris/step2",
		"block/ancient_debris/step3",
		"block/ancient_debris/step4",
		"block/ancient_debris/step5",
		"block/ancient_debris/step6"
    ]
  },
    "netherite.break": {
    "category": "block",
    "sounds": [
        "block/netherite_block/break1",
        "block/netherite_block/break2",
        "block/netherite_block/break3",
        "block/netherite_block/break4"
    ]
  },
    "netherite.step": {
    "category": "block",
    "sounds": [
        "block/netherite_block/step1",
		"block/netherite_block/step2",
		"block/netherite_block/step3",
		"block/netherite_block/step4",
		"block/netherite_block/step5",
		"block/netherite_block/step6"
    ]
  }
}